pickup_lat,pickup_lon,dropoff_lat,dropoff_lon,duration_s,distance,cost_proxy,hour_of_day,cost_per_unit,duration_per_unit,label
40.74700927734375,-73.98149871826173,40.737979888916016,-73.99807739257811,438.0,1.41,7.0,16.0,4.964539007092199,310.63829787234044,0
40.707298278808594,-74.01222229003906,40.79497528076172,-73.96737670898438,1531.0,7.83,26.0,21.0,3.3205619412515963,195.53001277139208,0
40.64516830444336,-73.77674865722656,40.74876403808594,-73.94009399414062,1772.0,15.35,43.5,0.0,2.8338762214983713,115.43973941368078,0
40.77115249633789,-73.98331451416014,40.761940002441406,-73.99019622802734,224.0,0.76,5.0,13.0,6.578947368421052,294.7368421052632,0
40.78232192993164,-73.97156524658203,40.76101303100586,-73.99471282958984,701.0,2.53,11.0,22.0,4.347826086956522,277.07509881422925,0
40.72524642944336,-74.00318908691406,40.76569747924805,-73.95468902587889,1734.0,4.51,20.5,20.0,4.545454545454546,384.4789356984479,0
40.75379180908203,-73.97003936767578,40.74200820922852,-73.97469329833984,408.0,1.0,6.5,7.0,6.5,408.0,0
40.75593948364258,-73.9791259765625,40.76055908203125,-73.97169494628906,336.0,0.6,5.5,13.0,9.166666666666668,560.0,1
40.75399017333984,-73.98984527587889,40.727245330810554,-73.98830413818358,1017.0,2.4,12.5,12.0,5.208333333333334,423.75,0
40.7478904724121,-73.99289703369139,40.740535736083984,-73.99037170410156,250.0,0.7,5.0,15.0,7.142857142857143,357.14285714285717,0
40.74554061889648,-73.9944610595703,40.70417785644531,-74.00900268554686,1100.0,3.8,15.5,0.0,4.078947368421053,289.47368421052636,0
40.767139434814446,-73.98988342285155,40.7768783569336,-73.97922515869139,505.0,1.3,7.5,14.0,5.769230769230769,388.46153846153845,0
40.78001022338867,-73.98455047607422,40.76227188110352,-73.97077941894531,1368.0,1.96,15.0,9.0,7.653061224489796,697.9591836734694,0
40.755496978759766,-73.97154998779298,40.764835357666016,-73.97899627685547,588.0,1.07,7.5,17.0,7.009345794392523,549.5327102803737,0
40.70731735229492,-74.0037384033203,40.73630142211913,-73.97684478759764,564.0,3.49,12.0,14.0,3.438395415472779,161.60458452722062,0
40.76823806762695,-73.9848403930664,40.78986740112305,-73.97792053222656,524.0,2.1,9.5,0.0,4.523809523809524,249.52380952380952,0
40.73007583618164,-73.9928207397461,40.72343063354492,-73.98299407958984,266.0,0.8,5.5,6.0,6.875,332.5,0
40.79079818725586,-73.97825622558594,40.836620330810554,-73.94841766357422,778.0,3.81,13.5,22.0,3.543307086614173,204.19947506561678,0
40.74641418457031,-73.99366760253906,40.7740478515625,-73.98057556152342,940.0,2.5,12.0,7.0,4.8,376.0,0
40.76810073852539,-73.96627044677734,40.762889862060554,-73.97703552246092,370.0,0.9,6.5,19.0,7.222222222222222,411.1111111111111,0
40.7674674987793,-73.9533920288086,40.73751831054688,-73.98729705810547,830.0,3.44,13.0,9.0,3.7790697674418605,241.27906976744185,0
40.73579025268555,-73.98946380615233,40.78250503540039,-73.9729232788086,1395.0,4.11,17.5,20.0,4.257907542579075,339.41605839416053,0
40.77054977416992,-73.98213195800781,40.74827194213867,-73.98934173583984,669.0,1.8,9.0,14.0,5.0,371.6666666666667,0
40.74958419799805,-74.00303649902342,40.739849090576165,-73.99867248535155,462.0,0.9,6.5,18.0,7.222222222222222,513.3333333333334,0
40.758647918701165,-73.98279571533203,40.76968383789063,-73.86405944824217,1649.0,10.4,31.5,12.0,3.0288461538461537,158.5576923076923,0
40.78993988037109,-73.96607971191406,40.779163360595696,-73.95374298095702,679.0,1.47,9.0,15.0,6.122448979591836,461.9047619047619,0
40.78445816040039,-73.94709014892578,40.76239013671875,-73.9677734375,1497.0,2.08,16.0,7.0,7.692307692307692,719.7115384615385,0
40.78359603881836,-73.94783782958984,40.8038215637207,-73.96392059326173,706.0,2.2,10.5,17.0,4.7727272727272725,320.9090909090909,0
40.63335800170898,-73.94772338867188,40.65178298950195,-73.94830322265625,449.0,1.52,7.5,0.0,4.934210526315789,295.39473684210526,0
40.75382614135742,-73.98101043701173,40.75154876708984,-73.99053192138672,345.0,0.7,5.5,12.0,7.857142857142858,492.8571428571429,0
40.725284576416016,-73.99561309814453,40.74436569213867,-73.98755645751953,769.0,2.3,10.5,13.0,4.565217391304349,334.34782608695656,0
40.752338409423835,-73.9895782470703,40.771968841552734,-73.96534729003906,1231.0,2.68,14.5,12.0,5.410447761194029,459.3283582089552,0
40.7437858581543,-73.9758529663086,40.74792098999024,-73.97516632080078,314.0,0.51,5.0,13.0,9.803921568627452,615.6862745098039,1
40.707717895507805,-74.01044464111328,40.77193069458008,-73.88522338867188,2104.0,10.21,33.0,9.0,3.232125367286973,206.07247796278156,0
40.75360107421875,-73.97584533691406,40.7294921875,-73.9911880493164,1132.0,2.8,13.5,18.0,4.821428571428572,404.28571428571433,0
40.76043701171875,-73.97378540039062,40.78199005126953,-73.95153045654298,513.0,2.18,9.0,22.0,4.128440366972477,235.32110091743118,0
40.76741027832031,-73.96236419677734,40.770652770996094,-73.98390197753906,650.0,1.5,9.0,9.0,6.0,433.3333333333333,0
40.7237663269043,-73.99803161621094,40.684120178222656,-73.96695709228516,1070.0,3.75,15.5,19.0,4.133333333333334,285.3333333333333,0
40.76626968383789,-73.97775268554686,40.76483154296875,-73.96665954589844,562.0,0.87,7.5,10.0,8.620689655172415,645.9770114942529,1
40.80426025390625,-73.9372787475586,40.843215942382805,-73.9353790283203,685.0,4.1,14.7,1.0,3.5853658536585367,167.07317073170734,0
40.765869140625,-73.98346710205078,40.77254104614258,-73.98202514648438,220.0,0.5,4.5,16.0,9.0,440.0,1
40.754390716552734,-73.99954986572266,40.764610290527344,-73.98551940917967,307.0,1.34,6.5,3.0,4.850746268656716,229.1044776119403,0
40.77212142944336,-73.9558868408203,40.78048324584961,-73.95263671875,170.0,0.9,4.5,21.0,5.0,188.88888888888889,0
40.76551055908203,-73.9656982421875,40.78155899047852,-73.97940826416014,1014.0,1.9,12.0,15.0,6.315789473684211,533.6842105263158,0
40.75511169433594,-73.9654998779297,40.743438720703125,-73.99282836914062,654.0,2.44,10.5,21.0,4.30327868852459,268.0327868852459,0
40.718780517578125,-74.0086441040039,40.70734024047852,-74.01744079589844,353.0,1.34,6.5,17.0,4.850746268656716,263.4328358208955,0
40.777019500732415,-73.95225524902342,40.75844955444336,-73.96584320068358,338.0,1.5,6.5,22.0,4.333333333333333,225.33333333333334,0
40.750282287597656,-73.99134063720702,40.74592590332031,-73.98029327392578,331.0,0.8,5.5,23.0,6.875,413.75,0
40.73086166381836,-74.0010223388672,40.73152160644531,-73.99059295654298,266.0,0.75,5.0,1.0,6.666666666666667,354.6666666666667,0
40.773681640625,-73.8708724975586,40.76530838012695,-73.98226165771484,1809.0,11.12,34.5,19.0,3.102517985611511,162.67985611510792,0
40.75812149047852,-73.96302795410156,40.65926361083984,-73.95168304443358,1597.0,11.2,33.5,22.0,2.991071428571429,142.58928571428572,0
40.76830673217773,-73.98136138916014,40.77058410644531,-73.95469665527342,796.0,2.1,11.0,11.0,5.238095238095238,379.04761904761904,0
40.725345611572266,-73.99240112304686,40.73397445678711,-73.9881591796875,190.0,0.6,4.5,2.0,7.5,316.6666666666667,0
40.728885650634766,-74.00266265869139,40.736377716064446,-73.98292541503906,448.0,1.64,7.5,22.0,4.573170731707317,273.1707317073171,0
40.72525024414063,-73.99565887451173,40.7370491027832,-74.00139617919923,277.0,1.1,5.5,18.0,5.0,251.81818181818178,0
40.75586318969727,-73.9756317138672,40.75085067749024,-73.98748016357422,1356.0,1.21,14.0,16.0,11.570247933884298,1120.6611570247935,0
40.74740982055664,-73.98994445800781,40.75592041015625,-73.9784927368164,570.0,1.1,7.5,15.0,6.8181818181818175,518.1818181818181,0
40.74993515014648,-73.9916000366211,40.73323059082031,-73.97576904296875,1399.0,1.87,14.5,15.0,7.754010695187166,748.1283422459893,0
40.79215240478516,-73.97367095947266,40.73550796508789,-74.00340270996092,1367.0,5.2,20.0,22.0,3.846153846153846,262.88461538461536,0
40.77340698242188,-73.95506286621092,40.75874710083008,-73.9769515991211,618.0,2.0,9.5,7.0,4.75,309.0,0
40.81026077270508,-73.95303344726561,40.79816818237305,-73.93843078613281,657.0,1.52,9.0,14.0,5.921052631578947,432.2368421052632,0
40.76179885864258,-73.97745513916014,40.75771713256836,-73.97510528564453,396.0,0.4,5.5,15.0,13.75,990.0,1
40.75677108764648,-73.96730041503906,40.76309967041016,-73.9718017578125,445.0,0.9,6.0,7.0,6.666666666666666,494.44444444444446,0
40.64752197265625,-73.78141784667967,40.75144577026367,-73.976318359375,5323.0,17.08,52.0,6.0,3.044496487119438,311.65105386416866,0
40.778358459472656,-73.98136138916014,40.75743103027344,-73.99333190917967,638.0,1.76,9.0,15.0,5.113636363636363,362.5,0
40.77037048339844,-73.957275390625,40.771602630615234,-73.98447418212889,766.0,1.92,10.0,13.0,5.208333333333334,398.95833333333337,0
40.72735595703125,-73.9826889038086,40.71424865722656,-73.98801422119139,544.0,1.1,7.5,4.0,6.8181818181818175,494.5454545454545,0
40.76586532592773,-73.9654998779297,40.76102828979492,-73.96517181396483,247.0,0.46,4.5,15.0,9.782608695652174,536.9565217391304,1
40.73981094360352,-74.0080795288086,40.73114013671875,-73.9823226928711,500.0,1.65,8.0,1.0,4.848484848484849,303.03030303030306,0
40.79037857055664,-73.96959686279298,40.77315521240234,-73.98177337646483,571.0,1.4,8.0,19.0,5.714285714285714,407.8571428571429,0
40.75370788574219,-73.99239349365233,40.75191879272461,-73.9781494140625,575.0,0.93,7.5,11.0,8.064516129032258,618.2795698924731,1
40.75553131103516,-73.96500396728516,40.78025436401367,-73.95503997802734,547.0,2.14,9.0,21.0,4.205607476635514,255.607476635514,0
40.74086380004882,-73.98208618164062,40.75530624389648,-73.97474670410156,542.0,1.3,8.0,11.0,6.153846153846153,416.9230769230769,0
40.732208251953125,-73.9913330078125,40.72563934326172,-73.9866714477539,244.0,0.77,5.0,12.0,6.4935064935064934,316.8831168831169,0
40.721187591552734,-73.98411560058595,40.72129821777344,-73.99725341796875,468.0,0.9,7.0,13.0,7.777777777777778,520.0,0
40.73381805419922,-74.00626373291014,40.71925735473633,-73.99066925048828,1177.0,2.0,13.0,22.0,6.5,588.5,0
40.7894287109375,-73.9664306640625,40.77521896362305,-73.97675323486328,409.0,1.15,7.0,18.0,6.086956521739131,355.6521739130435,0
40.72106552124024,-74.00995635986328,40.73860549926758,-74.00628662109375,394.0,1.5,7.5,18.0,5.0,262.6666666666667,0
40.72536849975586,-73.9979476928711,40.73122787475586,-74.00393676757811,342.0,0.7,5.5,16.0,7.857142857142858,488.5714285714286,0
40.76458358764648,-73.98104858398438,40.758743286132805,-73.99994659423827,1420.0,2.16,15.5,8.0,7.175925925925926,657.4074074074074,0
40.77406311035156,-73.87476348876953,40.76746368408203,-73.91320037841797,786.0,3.27,12.5,0.0,3.8226299694189603,240.36697247706422,0
40.646751403808594,-73.79006195068358,40.76542663574219,-73.97586059570312,1907.0,16.9,52.0,6.0,3.076923076923077,112.84023668639054,0
40.755908966064446,-73.99005889892578,40.757511138916016,-73.98152923583984,322.0,0.9,5.5,7.0,6.111111111111111,357.77777777777777,0
40.77416610717773,-73.96366119384764,40.767913818359375,-73.95626068115233,280.0,0.8,5.5,22.0,6.875,350.0,0
40.64646530151367,-73.77723693847656,40.758636474609375,-73.98173522949219,5039.0,16.87,52.0,7.0,3.0823947836395966,298.6959098992294,0
40.75724029541016,-73.98734283447266,40.74971389770508,-73.99535369873048,1098.0,1.25,12.0,9.0,9.6,878.4,0
40.719688415527344,-73.99717712402342,40.74966049194336,-73.97764587402342,1262.0,2.55,14.5,22.0,5.686274509803922,494.90196078431376,0
40.7808723449707,-73.97998046875,40.7765007019043,-73.96205139160156,383.0,1.4,7.0,9.0,5.0,273.5714285714286,0
40.77553939819336,-73.98020172119139,40.78886032104492,-73.9720230102539,401.0,1.46,7.0,11.0,4.794520547945206,274.6575342465753,0
40.75410842895508,-73.99793243408203,40.74380111694336,-73.97354125976561,584.0,1.51,8.5,10.0,5.629139072847682,386.7549668874172,0
40.75465774536133,-73.97359466552734,40.749629974365234,-73.97716522216798,109.0,0.3,3.5,3.0,11.666666666666668,363.33333333333337,1
40.730567932128906,-73.98045349121092,40.73067474365234,-74.00052642822266,569.0,1.4,8.5,19.0,6.071428571428572,406.42857142857144,0
40.76315689086913,-73.9652099609375,40.76968765258789,-73.96205139160156,98.0,0.5,3.5,14.0,7.0,196.0,0
40.74407196044922,-73.98756408691406,40.76390075683594,-73.97637939453125,565.0,1.7,8.5,20.0,5.0,332.3529411764706,0
40.7382698059082,-73.98782348632812,40.75188827514648,-73.97679138183594,763.0,1.13,9.5,20.0,8.4070796460177,675.2212389380531,0
40.7318229675293,-73.99518585205078,40.766143798828125,-73.98318481445312,1244.0,3.05,15.0,13.0,4.918032786885246,407.8688524590164,0
40.64493560791016,-73.78141784667967,40.745635986328125,-73.98760986328125,1624.0,17.2,52.0,7.0,3.0232558139534884,94.4186046511628,0
40.725601196289055,-73.99761962890625,40.71043014526367,-74.01624298095702,534.0,2.24,9.5,21.0,4.241071428571428,238.3928571428571,0
40.75755310058594,-73.9653091430664,40.7527732849121,-73.97822570800781,344.0,1.3,6.0,21.0,4.615384615384615,264.6153846153846,0
40.77889633178711,-73.9579849243164,40.76943588256836,-73.95988464355469,325.0,0.95,6.0,6.0,6.315789473684211,342.10526315789474,0
